<Ui xmlns="http://www.blizzard.com/wow/ui/" xmlns:xsi="http://www.w3.org/2001/XMLSchema-instance" xsi:schemaLocation="http://www.blizzard.com/wow/ui/ ..\FrameXML\UI.xsd">

<!--<Button name="DBM_GUI_OptionsFramePanelButtonTemplate" virtual="true">
		<ButtonText name="$parentText">
			<Anchors>
				<Anchor point="CENTER">
					<Offset>
						<AbsDimension x="0" y="0"/>
					</Offset>
				</Anchor>
			</Anchors>
		</ButtonText>
		<NormalFont style="GameFontNormal"/>
		<HighlightFont style="GameFontHighlight"/>
		<DisabledFont style="GameFontDisable"/>
		<NormalTexture inherits="UIPanelButtonUpTexture"/>
		<PushedTexture inherits="UIPanelButtonDownTexture"/>
		<DisabledTexture inherits="UIPanelButtonDisabledTexture"/>
		<HighlightTexture inherits="UIPanelButtonHighlightTexture"/>
	</Button>-->
	<CheckButton name="DBMOptionsBaseCheckButtonTemplate" virtual="true">
		<Size>
			<AbsDimension x="26" y="26"/>
		</Size>
		<HitRectInsets>
			<AbsInset left="0" right="-26" top="0" bottom="0"/>
		</HitRectInsets>
		<Scripts>
			<OnClick>
				if ( self:GetChecked() ) then
					PlaySound(856);
				else
					PlaySound(857);
				end
				BlizzardOptionsPanel_CheckButton_OnClick(self);
			</OnClick>
			<OnEnter>
				if ( self.tooltipText ) then
					GameTooltip:SetOwner(self, self.tooltipOwnerPoint or "ANCHOR_RIGHT");
					GameTooltip:SetText(self.tooltipText, nil, nil, nil, nil, true);
				end
				if ( self.tooltipRequirement ) then
					GameTooltip:AddLine(self.tooltipRequirement, 1.0, 1.0, 1.0, true);
					GameTooltip:Show();
				end
			</OnEnter>
			<OnLeave>
				GameTooltip:Hide();
			</OnLeave>
		</Scripts>
		<NormalTexture file="Interface\Buttons\UI-CheckBox-Up"/>
		<PushedTexture file="Interface\Buttons\UI-CheckBox-Down"/>
	 	<HighlightTexture file="Interface\Buttons\UI-CheckBox-Highlight" alphaMode="ADD"/>
		<CheckedTexture file="Interface\Buttons\UI-CheckBox-Check"/>
		<DisabledCheckedTexture file="Interface\Buttons\UI-CheckBox-Check-Disabled"/>
	</CheckButton>

	<CheckButton name="DBMOptionsCheckButtonTemplate" virtual="true" inherits="DBMOptionsBaseCheckButtonTemplate">
		<Layers>
			<Layer level="ARTWORK">
				<FontString name="$parentText" inherits="GameFontNormal">
					<Anchors>
						<Anchor point="LEFT" relativePoint="RIGHT">
							<Offset>
								<AbsDimension x="0" y="1"/>
							</Offset>
						</Anchor>
					</Anchors>
				</FontString>
			</Layer>
		</Layers>
	</CheckButton>

	<Button name="DBM_GUI_OptionsFramePanelButtonTemplate" virtual="true" inherits="UIPanelButtonTemplate"/>

	<Button name="DBM_GUI_OptionsFrameTabButtonTemplate" virtual="true">
		<Size>
			<AbsDimension x="85" y="24"/>
		</Size>
		<Layers>
		<Layer level="BORDER">
				<Texture name="$parentLeftDisabled" file="Interface\OptionsFrame\UI-OptionsFrame-ActiveTab">
					<Size>
						<AbsDimension x="20" y="24"/>
					</Size>
					<Anchors>
						<Anchor point="BOTTOMLEFT">
							<Offset>
								<AbsDimension x="0" y="-3"/>
							</Offset>
						</Anchor>
					</Anchors>
				<TexCoords left="0" right="0.15625" top="0" bottom="1.0"/>
				</Texture>
			<Texture name="$parentMiddleDisabled" file="Interface\OptionsFrame\UI-OptionsFrame-ActiveTab">
					<Size>
						<AbsDimension x="47" y="24"/>
					</Size>
					<Anchors>
						<Anchor point="LEFT" relativeTo="$parentLeftDisabled" relativePoint="RIGHT"/>
					</Anchors>
				<TexCoords left="0.15625" right="0.84375" top="0" bottom="1.0"/>
				</Texture>
			<Texture name="$parentRightDisabled" file="Interface\OptionsFrame\UI-OptionsFrame-ActiveTab">
					<Size>
						<AbsDimension x="20" y="24"/>
					</Size>
					<Anchors>
						<Anchor point="LEFT" relativeTo="$parentMiddleDisabled" relativePoint="RIGHT"/>
					</Anchors>
				<TexCoords left="0.84375" right="1.0" top="0" bottom="1.0"/>
				</Texture>
			<Texture name="$parentLeft" file="Interface\OptionsFrame\UI-OptionsFrame-InActiveTab">
					<Size>
						<AbsDimension x="20" y="24"/>
					</Size>
					<Anchors>
						<Anchor point="TOPLEFT"/>
					</Anchors>
				<TexCoords left="0" right="0.15625" top="0" bottom="1.0"/>
				</Texture>
			<Texture name="$parentMiddle" file="Interface\OptionsFrame\UI-OptionsFrame-InActiveTab">
					<Size>
						<AbsDimension x="47" y="24"/>
					</Size>
					<Anchors>
						<Anchor point="LEFT" relativeTo="$parentLeft" relativePoint="RIGHT"/>
				</Anchors>
				<TexCoords left="0.15625" right="0.84375" top="0" bottom="1.0"/>
				</Texture>
			<Texture name="$parentRight" file="Interface\OptionsFrame\UI-OptionsFrame-InActiveTab">
					<Size>
						<AbsDimension x="20" y="24"/>
					</Size>
					<Anchors>
						<Anchor point="LEFT" relativeTo="$parentMiddle" relativePoint="RIGHT"/>
					</Anchors>
				<TexCoords left="0.84375" right="1.0" top="0" bottom="1.0"/>
			</Texture>
			</Layer>
		</Layers>
		<ButtonText name="$parentText">
			<Anchors>
				<Anchor point="CENTER">
					<Offset>
						<AbsDimension x="0" y="-3"/>
					</Offset>
				</Anchor>
			</Anchors>
		</ButtonText>
		<NormalFont style="GameFontNormalSmall"/>
		<HighlightFont style="GameFontHighlightSmall"/>
		<DisabledFont style="GameFontHighlightSmall"/>
		<HighlightTexture name="$parentHighlightTexture" file="Interface\PaperDollInfoFrame\UI-Character-Tab-Highlight" alphaMode="ADD" hidden="false">
			<Anchors>
				<Anchor point="LEFT">
					<Offset>
						<AbsDimension x="10" y="-4"/>
					</Offset>
				</Anchor>
				<Anchor point="RIGHT">
					<Offset>
						<AbsDimension x="-10" y="-4"/>
					</Offset>
				</Anchor>
			</Anchors>
		</HighlightTexture>
	</Button>

	<Frame name="DBM_GUI_OptionsFrameListTemplate" virtual="true">
		<Layers>
			<Layer level="BACKGROUND">
				<Texture name="$parentTopLeft" file="Interface\Tooltips\UI-Tooltip-Border">
					<Size>
						<AbsDimension x="16" y="16"/>
					</Size>
					<Anchors>
						<Anchor point="TOPLEFT"/>
					</Anchors>
					<TexCoords left="0.5" right="0.625" top="0" bottom="1"/>
				</Texture>
				<Texture name="$parentBottomLeft" file="Interface\Tooltips\UI-Tooltip-Border">
					<Size>
						<AbsDimension x="16" y="16"/>
					</Size>
					<Anchors>
						<Anchor point="BOTTOMLEFT"/>
					</Anchors>
					<TexCoords left="0.75" right="0.875" top="0" bottom="1"/>
				</Texture>
				<Texture name="$parentBottomRight" file="Interface\Tooltips\UI-Tooltip-Border">
					<Size>
						<AbsDimension x="16" y="16"/>
					</Size>
					<Anchors>
						<Anchor point="BOTTOMRIGHT"/>
					</Anchors>
					<TexCoords left="0.875" right="1" top="0" bottom="1"/>
				</Texture>
				<Texture name="$parentTopRight" file="Interface\Tooltips\UI-Tooltip-Border">
					<Size>
						<AbsDimension x="16" y="16"/>
					</Size>
					<Anchors>
						<Anchor point="TOPRIGHT"/>
					</Anchors>
					<TexCoords left="0.625" right="0.75" top="0" bottom="1"/>
				</Texture>
				<Texture name="$parentLeft" file="Interface\Tooltips\UI-Tooltip-Border">
					<Anchors>
						<Anchor point="TOPLEFT" relativeTo="$parentTopLeft" relativePoint="BOTTOMLEFT"/>
						<Anchor point="BOTTOMRIGHT" relativeTo="$parentBottomLeft" relativePoint="TOPRIGHT"/>
					</Anchors>
					<TexCoords left="0" right="0.125" top="0" bottom="1"/>
				</Texture>
				<Texture name="$parentRight" file="Interface\Tooltips\UI-Tooltip-Border">
					<Anchors>
						<Anchor point="TOPLEFT" relativeTo="$parentTopRight" relativePoint="BOTTOMLEFT"/>
						<Anchor point="BOTTOMRIGHT" relativeTo="$parentBottomRight" relativePoint="TOPRIGHT"/>
					</Anchors>
					<TexCoords left="0.125" right="0.25" top="0" bottom="1"/>
				</Texture>
				<Texture name="$parentBottom" file="Interface\OptionsFrame\UI-OptionsFrame-Spacer">
					<Size>
						<AbsDimension x="0" y="16"/>
					</Size>
					<Anchors>
						<Anchor point="BOTTOMLEFT" relativeTo="$parentBottomLeft" relativePoint="BOTTOMRIGHT">
							<Offset>
								<AbsDimension x="0" y="-2"/>
							</Offset>
						</Anchor>
						<Anchor point="BOTTOMRIGHT" relativeTo="$parentBottomRight" relativePoint="BOTTOMLEFT"/>
					</Anchors>
				</Texture>
				<Texture name="$parentTop" file="Interface\OptionsFrame\UI-OptionsFrame-Spacer">
					<Size>
						<AbsDimension x="0" y="16"/>
					</Size>
					<Anchors>
						<Anchor point="TOPLEFT" relativeTo="$parentTopLeft" relativePoint="TOPRIGHT">
							<Offset>
								<AbsDimension x="0" y="7"/>
							</Offset>
						</Anchor>
						<Anchor point="TOPRIGHT" relativeTo="$parentTopRight" relativePoint="TOPLEFT"/>
					</Anchors>
				</Texture>
			</Layer>
		</Layers>
		<Frames>
			<ScrollFrame name="$parentList" hidden="true">
				<Size>
					<AbsDimension x="24" y="0"/>
				</Size>
				<Anchors>
					<Anchor point="TOPRIGHT">
						<Offset>
							<AbsDimension x="-3" y="-3"/>
						</Offset>
					</Anchor>
					<Anchor point="BOTTOMRIGHT">
						<Offset>
							<AbsDimension x="-3" y="3"/>
						</Offset>
					</Anchor>
				</Anchors>
				<Backdrop edgeFile="Interface\Tooltips\UI-Tooltip-Border" tile="true">
					<EdgeSize>
						<AbsValue val="12"/>
					</EdgeSize>
					<TileSize>
						<AbsValue val="16"/>
					</TileSize>
					<BackgroundInsets>
						<AbsInset left="0" right="0" top="5" bottom="5"/>
					</BackgroundInsets>
				</Backdrop>
				<Scripts>
					<OnLoad>
						self:SetBackdropBorderColor(.6, .6, .6, .6)
						_G[self:GetName().."ScrollBarScrollUpButton"]:Disable()
						_G[self:GetName().."ScrollBarScrollDownButton"]:Disable()

						local scrollbar = _G[self:GetName().."ScrollBar"]
						scrollbar:SetMinMaxValues(0, 11)
						scrollbar:SetValue(0)
						self.offset = 0
					</OnLoad>
					<OnVerticalScroll>
						local scrollbar = _G[self:GetName().."ScrollBar"]
						scrollbar:SetValue(offset)
						self.offset = floor((offset / 18) + 0.5)
						DBM_GUI_OptionsFrame:UpdateMenuFrame(self:GetParent())
					</OnVerticalScroll>
				</Scripts>
				<Frames>
					<Slider name="$parentScrollBar" inherits="DBM_GUI_PanelScrollBarTemplate">
						<Anchors>
							<Anchor point="TOPRIGHT">
								<Offset>
									<AbsDimension x="0" y="-20"/>
								</Offset>
							</Anchor>
							<Anchor point="BOTTOMLEFT">
								<Offset>
									<AbsDimension x="0" y="19"/>
								</Offset>
							</Anchor>
						</Anchors>
					</Slider>
					<Frame name="$parentScrollChildFrame" hidden="true"/>
				</Frames>
			</ScrollFrame>
		</Frames>
		<Scripts>
			<OnMouseWheel>
				local scrollBar = _G[self:GetName() .. "ListScrollBar"]
				if ( delta > 0 ) then
					scrollBar:SetValue(scrollBar:GetValue() - (scrollBar:GetHeight() / 2))
				else
					scrollBar:SetValue(scrollBar:GetValue() + (scrollBar:GetHeight() / 2))
				end
				DBM_GUI_OptionsFrame:UpdateMenuFrame(self)
			</OnMouseWheel>
		</Scripts>
	</Frame>

	<Frame name="DBM_GUI_OptionsFrame" parent="UIParent" hidden="true" enableMouse="true" frameStrata="DIALOG" movable="true">
		<Size>
			<AbsDimension x="800" y="510"/>
		</Size>
		<Anchors>
			<Anchor point="CENTER"/>
		</Anchors>
		<Backdrop bgFile="Interface\DialogFrame\UI-DialogBox-Background" edgeFile="Interface\DialogFrame\UI-DialogBox-Border" tile="true">
			<BackgroundInsets>
				<AbsInset left="11" right="11" top="12" bottom="10"/>
			</BackgroundInsets>
			<TileSize>
				<AbsValue val="32"/>
			</TileSize>
			<EdgeSize>
				<AbsValue val="32"/>
			</EdgeSize>
		</Backdrop>
		<Layers>
			<Layer level="ARTWORK">
				<Texture name="$parentHeader" file="Interface\DialogFrame\UI-DialogBox-Header">
					<Size>
						<AbsDimension x="300" y="68"/>
					</Size>
					<Anchors>
						<Anchor point="TOP">
							<Offset>
								<AbsDimension x="0" y="12"/>
							</Offset>
						</Anchor>
					</Anchors>
				</Texture>
				<FontString name="$parentHeaderText" inherits="GameFontNormal" text="Deadly Boss Mods">
					<Anchors>
						<Anchor point="TOP" relativeTo="$parentHeader">
							<Offset>
								<AbsDimension x="0" y="-14"/>
							</Offset>
						</Anchor>
					</Anchors>
				</FontString>
				<FontString name="$parentRevision" inherits="GameFontDisableSmall" text="">
					<Anchors>
						<Anchor point="BOTTOMLEFT" relativeTo="$parent" relativePoint="BOTTOMLEFT">
							<Offset>
								<AbsDimension x="20" y="18"/>
							</Offset>
						</Anchor>
					</Anchors>
				</FontString>
				<FontString name="$parentTranslation" inherits="GameFontDisableSmall" text="">
					<Anchors>
						<Anchor point="LEFT" relativeTo="$parentRevision" relativePoint="RIGHT">
							<Offset>
								<AbsDimension x="20" y="0"/>
							</Offset>
						</Anchor>
					</Anchors>
				</FontString>
				<FontString name="$parentWebsite" inherits="GameFontNormal" text="">
					<Anchors>
						<Anchor point="BOTTOMLEFT" relativeTo="$parentRevision" relativePoint="TOPLEFT">
							<Offset>
								<AbsDimension x="0" y="15"/>
							</Offset>
						</Anchor>
					</Anchors>
				</FontString>
			</Layer>
		</Layers>
		<Frames>
			<Button name="$parentOkay" inherits="UIPanelButtonTemplate" text="CLOSE">
				<Size>
					<AbsDimension x="96" y="22"/>
				</Size>
				<Anchors>
					<Anchor point="BOTTOMRIGHT">
						<Offset>
							<AbsDimension x="-16" y="14"/>
						</Offset>
					</Anchor>
				</Anchors>
				<Scripts>
					<OnClick>
						self:GetParent():Hide()
						if DBM.Options.tempMusicSetting then
							SetCVar("Sound_EnableMusic", DBM.Options.tempMusicSetting)
							DBM.Options.tempMusicSetting = nil
						end
						if DBM.Options.musicPlaying then
							StopMusic()
							DBM.Options.musicPlaying = nil
						end
					</OnClick>
				</Scripts>
			</Button>
			<Button name="$parentWebsiteButton" inherits="UIPanelButtonTemplate" text="">
				<Size>
					<AbsDimension x="96" y="22"/>
				</Size>
				<Anchors>
					<Anchor point="BOTTOMRIGHT" relativeTo="$parentOkay" relativePoint="BOTTOMLEFT">
						<Offset>
							<AbsDimension x="-20" y="0"/>
						</Offset>
					</Anchor>
				</Anchors>
				<Scripts>
					<OnShow>
						self:SetText(DBM_GUI_Translations.WebsiteButton)
					</OnShow>
					<OnClick>
						DBM:ShowUpdateReminder(nil, nil, DBM_COPY_URL_DIALOG)
					</OnClick>
				</Scripts>
			</Button>
			<Frame name="$parentBossMods" inherits="DBM_GUI_OptionsFrameListTemplate">
				<Size>
					<AbsDimension x="205" y="409"/>
				</Size>
				<Anchors>
					<Anchor point="TOPLEFT">
						<Offset>
							<AbsDimension x="22" y="-40"/>
						</Offset>
					</Anchor>
				</Anchors>
				<Scripts>
					<OnLoad>
						self.selection = nil
					</OnLoad>
					<OnShow>
						DBM_GUI_OptionsFrame:UpdateMenuFrame(self)
					</OnShow>
				</Scripts>
			</Frame>
			<Frame name="$parentDBMOptions" inherits="DBM_GUI_OptionsFrameListTemplate" hidden="true">
				<Size>
					<AbsDimension x="205" y="409"/>
				</Size>
				<Anchors>
					<Anchor point="TOPLEFT">
						<Offset>
							<AbsDimension x="22" y="-40"/>
						</Offset>
					</Anchor>
				</Anchors>
				<Scripts>
					<OnLoad>
						self.selection = nil
					</OnLoad>
					<OnShow>
						DBM_GUI_OptionsFrame:UpdateMenuFrame(self)
					</OnShow>
				</Scripts>
			</Frame>
			<Frame name="$parentPanelContainer">
				<Anchors>
					<Anchor point="TOPLEFT" relativeTo="$parentBossMods" relativePoint="TOPRIGHT">
						<Offset>
							<AbsDimension x="16" y="0"/>
						</Offset>
					</Anchor>
					<Anchor point="BOTTOMLEFT" relativeTo="$parentBossMods" relativePoint="BOTTOMRIGHT">
						<Offset>
							<AbsDimension x="16" y="1"/>
						</Offset>
					</Anchor>
					<Anchor point="RIGHT">
						<Offset>
							<AbsDimension x="-22" y="0"/>
						</Offset>
					</Anchor>
				</Anchors>
				<Backdrop edgeFile="Interface\Tooltips\UI-Tooltip-Border" tile="true">
					<EdgeSize>
						<AbsValue val="16"/>
					</EdgeSize>
					<TileSize>
						<AbsValue val="16"/>
					</TileSize>
					<BackgroundInsets>
						<AbsInset left="5" right="5" top="5" bottom="5"/>
					</BackgroundInsets>
				</Backdrop>
				<Layers>
					<Layer level="BACKGROUND">
						<FontString name="$parentHeaderText" inherits="GameFontHighlightSmall" text="">
							<Anchors>
								<Anchor point="BOTTOMLEFT" relativeTo="$parent" relativePoint="TOPLEFT">
									<Offset>
										<AbsDimension x="10" y="1"/>
									</Offset>
								</Anchor>
							</Anchors>
						</FontString>
					</Layer>
				</Layers>
				<Frames>
					<ScrollFrame name="$parentFOV">
						<Anchors>
							<Anchor point="TOPLEFT" relativeTo="$parent" relativePoint="TOPLEFT">
								<Offset>
									<AbsDimension x="5" y="-5"/>
								</Offset>
							</Anchor>
							<Anchor point="BOTTOMRIGHT" relativeTo="$parent" relativePoint="BOTTOMRIGHT">
								<Offset>
									<AbsDimension x="-20" y="7"/>
								</Offset>
							</Anchor>
						</Anchors>
						<Frames>
							<Slider name="$parentScrollBar" inherits="DBM_GUI_PanelScrollBarTemplate">
								<Anchors>
									<Anchor point="TOPRIGHT">
										<Offset>
											<AbsDimension x="15" y="-15"/>
										</Offset>
									</Anchor>
									<Anchor point="BOTTOMRIGHT">
										<Offset>
											<AbsDimension x="15" y="13"/>
										</Offset>
									</Anchor>
								</Anchors>
							</Slider>
						</Frames>
						<Scripts>
							<OnMouseWheel>
								local scrollBar = _G[self:GetName() .. "ScrollBar"]
								if ( delta > 0 ) then
									scrollBar:SetValue(scrollBar:GetValue() - (scrollBar:GetHeight() / 2))
								else
									scrollBar:SetValue(scrollBar:GetValue() + (scrollBar:GetHeight() / 2))
								end
							</OnMouseWheel>
						</Scripts>
					</ScrollFrame>
				</Frames>
				<Scripts>
					<OnLoad>
						self:SetBackdropBorderColor(0.6, 0.6, 0.6, 1);
					</OnLoad>
				</Scripts>
			</Frame>
			<Button name="$parentTab1" inherits="DBM_GUI_OptionsFrameTabButtonTemplate" text="Bosses" id="1" hidden="false">
				<Anchors>
					<Anchor point="BOTTOMLEFT" relativeTo="$parentBossMods" relativePoint="TOPLEFT">
						<Offset>
							<AbsDimension x="6" y="-3"/>
						</Offset>
					</Anchor>
				</Anchors>
				<Scripts>
					<OnLoad>
						self.firstshow = true
					</OnLoad>
					<OnShow>
						if self.firstshow then
							self:GetParent():ShowTab(1)
							self.firstshow = false
						end
					</OnShow>
					<OnClick>
						self:GetParent():ShowTab(1)
					</OnClick>
				</Scripts>
			</Button>
			<Button name="$parentTab2" inherits="DBM_GUI_OptionsFrameTabButtonTemplate" text="Options" id="2" hidden="false">
				<Anchors>
					<Anchor point="TOPLEFT" relativeTo="$parentTab1" relativePoint="TOPRIGHT">
						<Offset>
							<AbsDimension x="-16" y="0"/>
						</Offset>
					</Anchor>
				</Anchors>
				<Scripts>
					<OnClick>
						self:GetParent():ShowTab(2)
					</OnClick>
				</Scripts>
			</Button>
		</Frames>
		<Scripts>
			<OnLoad>
				self.firstshow = true
				self:SetFrameLevel(self:GetFrameLevel() + 4)
				function self:ShowTab(tab)
					self.tab = tab
					if tab == 1 then
						_G[self:GetName().."Tab1Left"]:Hide()
						_G[self:GetName().."Tab1Right"]:Hide()
						_G[self:GetName().."Tab1Middle"]:Hide()
						_G[self:GetName().."Tab2Left"]:Show()
						_G[self:GetName().."Tab2Right"]:Show()
						_G[self:GetName().."Tab2Middle"]:Show()

						_G[self:GetName().."Tab1LeftDisabled"]:Show()
						_G[self:GetName().."Tab1RightDisabled"]:Show()
						_G[self:GetName().."Tab1MiddleDisabled"]:Show()
						_G[self:GetName().."Tab2LeftDisabled"]:Hide()
						_G[self:GetName().."Tab2RightDisabled"]:Hide()
						_G[self:GetName().."Tab2MiddleDisabled"]:Hide()

						_G[self:GetName().."BossMods"]:Show()
						_G[self:GetName().."DBMOptions"]:Hide()

					else
						_G[self:GetName().."Tab1Left"]:Show()
						_G[self:GetName().."Tab1Right"]:Show()
						_G[self:GetName().."Tab1Middle"]:Show()
						_G[self:GetName().."Tab2Left"]:Hide()
						_G[self:GetName().."Tab2Right"]:Hide()
						_G[self:GetName().."Tab2Middle"]:Hide()

						_G[self:GetName().."Tab1LeftDisabled"]:Hide()
						_G[self:GetName().."Tab1RightDisabled"]:Hide()
						_G[self:GetName().."Tab1MiddleDisabled"]:Hide()
						_G[self:GetName().."Tab2LeftDisabled"]:Show()
						_G[self:GetName().."Tab2RightDisabled"]:Show()
						_G[self:GetName().."Tab2MiddleDisabled"]:Show()

						_G[self:GetName().."BossMods"]:Hide()
						_G[self:GetName().."DBMOptions"]:Show()
					end
				end
				self:SetMovable(true)
				self:SetUserPlaced(true)
				self:RegisterForDrag("LeftButton")
			</OnLoad>
			<OnShow>
				if self.firstshow then
					self.firstshow = false
					self:CreateButtons( _G[self:GetName().."BossMods"] )
					self:CreateButtons( _G[self:GetName().."DBMOptions"] )
					self:UpdateMenuFrame( _G[self:GetName().."BossMods"] )
				end
			</OnShow>
			<OnDragStart>
				self:StartMoving()
			</OnDragStart>
			<OnDragStop>
				self:StopMovingOrSizing()
			</OnDragStop>
		</Scripts>
	</Frame>

	<Button name="DBM_GUI_FrameButtonTemplate" virtual="true">
		<Size>
			<AbsDimension x="185" y="18"/>
		</Size>
		<Scripts>
			<OnLoad>
				self.text = self:CreateFontString(self:GetName().."Text", "ARTWORK")
				self.highlight = self:GetHighlightTexture();
				self.highlight:SetVertexColor(0.196, 0.388, 0.8);
				self:RegisterForClicks("LeftButtonUp");
			</OnLoad>
			<OnClick>
				DBM_GUI_OptionsFrame:OnButtonClick(self);
			</OnClick>
		</Scripts>
		<Frames>
			<Button name="$parentToggle" inherits="UIPanelButtonTemplate">
				<Size>
					<AbsDimension x="14" y="14"/>
				</Size>
				<Anchors>
					<Anchor point="TOPLEFT" relativeTo="$parent" relativePoint="TOPLEFT">
						<Offset>
							<AbsDimension x="5" y="-1"/>
						</Offset>
					</Anchor>
				</Anchors>
				<Scripts>
					<OnLoad>
						self:GetParent().toggle = self;
						self:RegisterForClicks("LeftButtonUp", "RightButtonUp");
					</OnLoad>
					<OnClick>
						DBM_GUI_OptionsFrame:ToggleSubCategories(self);
					</OnClick>
				</Scripts>
				<NormalTexture name="$parentNormalTexture" file="Interface\Buttons\UI-MinusButton-UP"/>
				<PushedTexture name="$parentPushedTexture" file="Interface\Buttons\UI-MinusButton-DOWN"/>
				<HighlightTexture name="$parentHighlightTexture" file="Interface\Buttons\UI-PlusButton-Hilight" alphaMode="ADD"/>
			</Button>
		</Frames>
		<NormalFont style="GameFontNormal"/>
		<HighlightFont style="GameFontHighlight"/>
		<HighlightTexture file="Interface\QuestFrame\UI-QuestLogTitleHighlight" alphaMode="ADD">
			<Anchors>
				<Anchor point="TOPLEFT">
					<Offset>
						<AbsDimension x="0" y="1"/>
					</Offset>
				</Anchor>
				<Anchor point="BOTTOMRIGHT">
					<Offset>
						<AbsDimension x="0" y="1"/>
					</Offset>
				</Anchor>
			</Anchors>
		</HighlightTexture>
	</Button>

	<EditBox name="DBM_GUI_FrameEditBoxTemplate" autoFocus="false" virtual="true">
		<Layers>
			<Layer level="BACKGROUND">
				<Texture name="$parentLeft" file="Interface\ChatFrame\UI-ChatInputBorder-Left">
					<Size>
						<AbsDimension x="32" y="32"/>
					</Size>
					<Anchors>
						<Anchor point="LEFT">
							<Offset>
								<AbsDimension x="-14" y="0"/>
							</Offset>
						</Anchor>
					</Anchors>
					<TexCoords left="0" right="0.125" top="0" bottom="1.0"/>
				</Texture>
				<Texture name="$parentRight" file="Interface\ChatFrame\UI-ChatInputBorder-Right">
					<Size>
						<AbsDimension x="32" y="32"/>
					</Size>
					<Anchors>
						<Anchor point="RIGHT">
							<Offset>
								<AbsDimension x="6" y="0" />
							</Offset>
						</Anchor>
					</Anchors>
					<TexCoords left="0.875" right="1.0" top="0" bottom="1.0"/>
				</Texture>
				<Texture name="$parentMiddle" file="Interface\ChatFrame\UI-ChatInputBorder-Right">
					<Size>
						<AbsDimension x="1" y="32"/>
					</Size>
					<Anchors>
						<Anchor point="LEFT" relativeTo="$parentLeft" relativePoint="RIGHT">
							<Offset>
								<AbsDimension x="0" y="0"/>
							</Offset>
						</Anchor>
						<Anchor point="RIGHT" relativeTo="$parentRight" relativePoint="LEFT">
							<Offset>
								<AbsDimension x="0" y="0"/>
							</Offset>
						</Anchor>
					</Anchors>
					<TexCoords left="0" right="0.9375" top="0" bottom="1.0"/>
				</Texture>
			</Layer>
			<Layer level="BACKGROUND">
				<FontString name="$parentText" inherits="GameFontNormalSmall" text="xx">
					<Anchors>
						<Anchor point="TOPLEFT" relativeTo="$parent" relativePoint="TOPLEFT">
							<Offset>
								<AbsDimension x="-4" y="14"/>
							</Offset>
						</Anchor>
					</Anchors>
				</FontString>
			</Layer>
		</Layers>
		<FontString inherits="ChatFontNormal"></FontString>
	</EditBox>

</Ui>

